Subreddit,Status
agedlikemilk,Regular
Conservative,Regular
FuckYouKaren,Regular
TechNewsToday,Regular
harrypotter,Regular
Military,Regular
JordanPeterson,Regular
toosoon,Quarantined
911truth,Quarantined
AltRightChristian,Quarantined
AntiPOZI,Quarantined
bruhfunny,Quarantined
ChapoTrapHouse,Quarantined
CoronavirusConspiracy,Quarantined
darkmemes,Quarantined
EDFood,Quarantined
inbreeding,Quarantined
incest,Quarantined
incest_relationships,Quarantined
MGTOW,Quarantined
The_Donald,Quarantined
TheRedPill,Quarantined
VaccinesCause,Quarantined
VaxTalk,Quarantined
whitebeauty,Quarantined
WhiteNationalism,Quarantined
holocaustfake,Quarantined
cursedcursedimages,Quarantined
cursedx3images,Quarantined
instagramreality,Regular
WGTOW,Regular
BlackLivesMatter,Regular
climateskeptics,Regular
MensRights,Regular
LGBDropTheT,Regular
FemaleDatingStrategy,Regular
PinkpillFeminism,Regular
Shortcells,Regular
BlackPillScience,Regular
The_Graypill,Regular
DarkEnlightenment,Regular
exredpill,Regular
passionx,NSFW
LadyBoners,NSFW
ClopClop,NSFW
furryporn,NSFW
collegesluts,NSFW
actuallesbians,Regular
LesbianActually,Regular
altgonewild,NSFW
creepyPMs,NSFW
BustyPetite,NSFW
NudeCelebsOnly,NSFW
mangonewild,NSFW
SluttyConfessions,NSFW
AsiansGoneWild,NSFW
RealGirls,NSFW
Nudes,NSFW
normalnudes,NSFW
gonewildcurvy,NSFW
gonewild30plus,NSFW
RateMyNudeBody,NSFW
BBW,NSFW
rule34,NSFW
GaybrosGoneWild,NSFW
chubby,NSFW
OnlyFans101,NSFW
adorableporn,NSFW
dykesgonewild,NSFW
Liberal,Regular
democrats,Regular
futanari,NSFW
cumsluts,NSFW
guro,NSFW
